Alfalfa Sprouts,
Apple,
Apricot,
Artichoke,
Asian Pear,
Asparagus,
Atemoya,
Avocado,
Bamboo Shoots,
Banana,
Beans,
Bean Sprouts,
Beets,
Belgian Endive,
Bitter Melon,
Bell Peppers,
Blackberries,
Blueberries,
Bok Choy,
Boniato,
Boysenberries,
Broccoflower,
Broccoli,
Brussels Sprouts,
Cabbage (green and red),
Cantaloupe,
Carambola (star fruit or star apple),
Carrots,
Casaba Melon,
Cauliflower,
Celery,
Chayote,
Cherimoya (Custard Apple),
Cherries,
Coconuts,
Collard Greens,
Corn,
Cranberries,
Cucumber,
Dates,
Dried Plums (a.k.a. prunes),
Eggplant,
Endive,
Escarole,
Feijoa,
Fennel,
Figs (dry and fresh),
Garlic,
Gooseberries,
Grapefruit,
Grapes,
Green Beans,
Green Onions,
Greens (turnip, beet, collard, mustard),
Guava,
Hominy,
Honeydew Melon,
Horned Melon,
Iceberg Lettuce,
Jerusalem Artichoke,
Jicama,
Kale,
Kiwifruit,
Kohlrabi,
Kumquat,
Leeks,
Lemons,
Lettuce (Boston, Iceberg, Leaf, Romaine),
Lima Beans,
Limes,
Longan,
Loquat,
Lychee,
Madarins,
Malanga,
Mandarin Oranges,
Mangos,
Mulberries,
Mushrooms,
Napa (Chinese Cabbage),
Nectarines,
Okra,
Onion (green, red, Spanish, yellow, white),
Oranges,
Papayas,
Parsnip,
Passion Fruit,
Peaches,
Pears,
Peas (green, snow, sugar snap),
Peppers (bell â€“ red, yellow, green, chili),
Persimmons,
Pineapple,
Plantains,
Plums,
Pomegranate,
Potatoes,
Prickly Pear (Cactus Pear),
Prunes,
Pummelo (Chinese Grapefruit),
Pumpkin,
Quince,
Radicchio,
Radishes,
Raisins,
Raspberries,
Red Cabbage,
Rhubarb,
Romaine Lettuce,
Rutabaga,
Shallots,
Snow Peas,
Spinach,
Sprouts,
Squash (acorn, banana, buttercup, butternut, summer),
Strawberries,
String Beans,
Sweet Potato,
Tangelo,
Tangerines,
Tomatillo,
Tomato,
Turnip,
Ugli Fruit,
Watermelon,
Water Chestnuts,
Watercress,
Waxed Beans,
Yams,
Yellow Squash,
Yuca/Cassava,
Zucchini Squash,
